O*NET-SOC Code;Title;Task;Category;Original Task ID;Original Task;Write-in Total;Date;Domain Source
11-3051.02;Geothermal Production Managers;Conduct employee safety training.;New;;;9;07/2011;Incumbent
11-3051.06;Hydroelectric Production Managers;Train employees in power plant operations.;New;;;5;07/2016;Incumbent
11-9039.02;Fitness and Wellness Coordinators;Evaluate fitness and wellness programs to determine their effectiveness.;New;;;6;07/2015;Occupational Expert
11-9061.00;Funeral Service Managers;Deliver death certificates to medical facilities or offices to obtain signatures from legally authorized persons.;New;;;6;07/2014;Incumbent
11-9071.00;Gaming Managers;Monitor the performance of the gaming floor, relocating games and installing new games as necessary.;New;;;6;07/2014;Incumbent
11-9199.11;Brownfield Redevelopment Specialists and Site Managers;Identify and apply for project funding.;New;;;8;07/2013;Occupational Expert
13-1031.01;Claims Examiners, Property and Casualty Insurance;Attend mediations or trials.;New;;;5;06/2010;Incumbent
13-1032.00;Insurance Appraisers, Auto Damage;Contact vendors to locate replacement parts for vehicles.;New;;;5;07/2016;Incumbent
13-1032.00;Insurance Appraisers, Auto Damage;Discuss insurance claims with customers or damage claimants.;New;;;13;07/2016;Incumbent
13-1032.00;Insurance Appraisers, Auto Damage;Review repair cost estimates and negotiate with automobile repair shops to secure agreement on cost of repairs.;Revision;7247;Review repair cost estimates with automobile repair shop to secure agreement on cost of repairs.;5;07/2016;Incumbent
13-1041.03;Equal Opportunity Representatives and Officers;Develop guidelines for nondiscriminatory employment practices, such as affirmative action plans and equal opportunity employment policies.;Revision;20722;Develop guidelines for nondiscriminatory employment practices.;13;07/2015;Incumbent
13-1041.03;Equal Opportunity Representatives and Officers;Train employees on equal opportunity laws, guidelines, or policies, such as discrimination, diversity, harassment, or affirmative action.;New;;;13;07/2015;Incumbent
13-1041.07;Regulatory Affairs Specialists;Develop regulatory strategies for products.;New;;;4;08/2019;Occupational Expert
13-1121.00;Meeting, Convention, and Event Planners;Contact potential clients, meet with professional and trade associations, and produce brochures and other publications to promote conference, convention, and trade show services.;Revision;1228;Promote conference, convention and trades show services by performing tasks such as meeting with professional and trade associations, and producing brochures and other publications.;8;07/2016;Incumbent
13-1121.00;Meeting, Convention, and Event Planners;Plan and develop programs, agendas, budgets, menus, and services according to customer requirements.;Revision;1213;Plan and develop programs, agendas, budgets, and services according to customer requirements.;7;07/2016;Incumbent
13-1141.00;Compensation, Benefits, and Job Analysis Specialists;Develop and administer compensation programs such as merit or incentive pay.;New;;;11;07/2017;Occupational Expert
13-1199.05;Sustainability Specialists;Deliver sustainability training to employees.;New;;;6;08/2020;Occupational Expert
13-2011.01;Accountants;Process invoices for payment.;New;;;6;08/2018;Incumbent
13-2053.00;Insurance Underwriters;Answer agents' questions about insurance coverage.;New;;;7;08/2018;Occupational Expert
15-2031.00;Operations Research Analysts;Review research literature.;New;;;4;07/2017;Occupational Expert
17-1021.00;Cartographers and Photogrammetrists;Estimate resources, such as production hours, required for projects.;New;;;5;08/2018;Incumbent
17-2011.00;Aerospace Engineers;Develop software for aerospace systems.;New;;;6;07/2015;Incumbent
17-2031.00;Biomedical Engineers;Design and deliver technology, such as prosthetic devices, to assist people with disabilities.;Revision;8977;Design and deliver technology to assist people with disabilities.;4;07/2017;Occupational Expert
17-2041.00;Chemical Engineers;Develop computer models of chemical processes.;New;;;4;07/2017;Occupational Expert
17-2071.00;Electrical Engineers;Develop software to control electrical systems.;New;;;9;07/2015;Incumbent
17-2081.00;Environmental Engineers;Attend professional conferences to share information.;New;;;4;08/2020;Occupational Expert
17-2111.02;Fire-Prevention and Protection Engineers;Direct the purchase, modification, installation, testing, maintenance, and operation of fire prevention and protection systems.;Revision;8987;Direct the purchase, modification, installation, maintenance, and operation of fire protection systems.;6;07/2013;Occupational Expert
17-2121.02;Marine Architects;Conduct analyses of ships, such as stability, structural, weight, or vibration analyses.;Revision;20732;Conduct stability analyses of ships.;20;07/2015;Incumbent
17-2199.10;Wind Energy Engineers;Analyze meteorological data.;New;;;7;07/2012;Incumbent
17-2199.10;Wind Energy Engineers;Design electrical interconnections.;New;;;5;07/2012;Incumbent
17-2199.10;Wind Energy Engineers;Design wind turbine components.;New;;;7;07/2012;Incumbent
17-2199.10;Wind Energy Engineers;Estimate energy production by analyzing wind data.;New;;;15;07/2012;Incumbent
17-3013.00;Mechanical Drafters;Create bills of materials.;New;;;5;07/2017;Incumbent
17-3026.00;Industrial Engineering Technicians;Create engineering drawings, schematics or blueprints.;New;;;5;07/2014;Incumbent
17-3031.01;Surveying Technicians;Adjust and operate surveying instruments such as prisms, theodolites, electronic distance measuring equipment, or electronic data collectors.;Revision;5394;Adjust and operate surveying instruments such as prisms, theodolites, and electronic distance-measuring equipment.;4;07/2017;Occupational Expert
17-3031.01;Surveying Technicians;Conduct surveys to ascertain the locations of natural features and man-made structures on the Earth's surface, underground, and underwater, using electronic distance-measuring equipment, such as GPS, and other surveying instruments.;Revision;5400;Conduct surveys to ascertain the locations of natural features and man-made structures on the Earth's surface, underground, and underwater, using electronic distance-measuring equipment and other surveying instruments.;6;07/2017;Occupational Expert
17-3031.02;Mapping Technicians;Prepare cost estimates for mapping projects.;New;;;6;07/2014;Incumbent
19-1013.00;Soil and Plant Scientists;Conduct experiments to investigate the underlying mechanisms involved in plant growth and plant responses to the environment.;New;;;8;07/2014;Occupational Expert
19-1021.00;Biochemists and Biophysicists;Analyze biochemical or biophysical data.;New;;;5;08/2020;Occupational Expert
19-1023.00;Zoologists and Wildlife Biologists;Conduct literature reviews.;New;;;5;08/2018;Incumbent
19-1023.00;Zoologists and Wildlife Biologists;Develop or make recommendations on management systems and plans for wildlife populations and habitat, consulting with stakeholders and the public at large to explore options.;Revision;1495;Make recommendations on management systems and planning for wildlife populations and habitat, consulting with stakeholders and the public at large to explore options.;13;08/2018;Incumbent
19-1029.02;Molecular and Cellular Biologists;Prepare or review reports, manuscripts, or meeting presentations.;Revision;16803;Prepare reports, manuscripts, and meeting presentations.;4;07/2016;Occupational Expert
19-1029.02;Molecular and Cellular Biologists;Write grant applications to obtain funding.;New;;;5;07/2016;Occupational Expert
19-1031.01;Soil and Water Conservationists;Develop soil maps.;New;;;6;07/2011;Occupational Expert
19-1031.02;Range Managers;Apply herbicide to eliminate harmful plants.;New;;;7;08/2020;Incumbent
19-1031.03;Park Naturalists;Provide care for park program animals.;New;;;6;07/2016;Incumbent
19-1031.03;Park Naturalists;Train staff on park programs.;New;;;6;07/2016;Incumbent
19-1041.00;Epidemiologists;Write articles for publication in professional journals.;New;;;5;07/2016;Occupational Expert
19-1041.00;Epidemiologists;Write grant applications for funding epidemiologic research.;New;;;6;07/2016;Occupational Expert
19-1042.00;Medical Scientists, Except Epidemiologists;Write applications for research grants.;New;;;12;07/2012;Incumbent
19-2012.00;Physicists;Perform peer reviews of scientific papers.;New;;;7;08/2020;Incumbent
19-2041.02;Environmental Restoration Planners;Write grants to obtain funding for restoration projects.;New;;;4;07/2013;Occupational Expert
19-2043.00;Hydrologists;Prepare reports or presentations describing research results, using illustrations, maps, appendices, and other information.;Revision;18618;Prepare written and oral reports describing research results, using illustrations, maps, appendices, and other information.;7;08/2018;Occupational Expert
19-3011.00;Economists;Review documents written by others.;New;;;5;08/2019;Occupational Expert
19-3031.02;Clinical Psychologists;Conduct assessments of patients' risk for harm to self or others.;New;;;5;07/2012;Incumbent
19-3031.02;Clinical Psychologists;Prepare written evaluations of individuals' psychological competence for court hearings.;New;;;8;07/2012;Incumbent
19-3031.03;Counseling Psychologists;Supervise and train interns, clinicians in training, and other counselors.;Revision;20219;Supervise interns, clinicians in training, and other counselors.;8;07/2012;Incumbent
19-3041.00;Sociologists;Explain sociological research to the general public.;New;;;6;07/2016;Occupational Expert
19-3041.00;Sociologists;Write grants to obtain funding for research projects.;New;;;4;07/2016;Occupational Expert
19-3091.01;Anthropologists;Write grant proposals to obtain funding for research.;New;;;6;08/2018;Occupational Expert
19-3091.02;Archeologists;Design exhibits of artifacts.;New;;;4;07/2012;Occupational Expert
19-3091.02;Archeologists;Educate the public about archeology.;New;;;11;07/2012;Occupational Expert
19-3091.02;Archeologists;Mentor archeology students.;New;;;4;07/2012;Occupational Expert
19-3094.00;Political Scientists;Advise political science students.;New;;;10;07/2017;Occupational Expert
19-3094.00;Political Scientists;Serve on committees.;New;;;4;07/2017;Occupational Expert
19-4011.02;Food Science Technicians;Supervise other food science technicians.;New;;;5;07/2013;Incumbent
19-4041.01;Geophysical Data Technicians;Evaluate and interpret seismic data with the aid of computers.;New;;;8;12/2006;Incumbent
19-4041.01;Geophysical Data Technicians;Record geological data in a database.;New;;;6;12/2006;Incumbent
19-4051.02;Nuclear Monitoring Technicians;Calibrate, maintain, and repair chemical instrumentation sensing elements and sampling system equipment, using calibration instruments and hand tools.;Revision;7608;Calibrate and maintain chemical instrumentation sensing elements and sampling system equipment, using calibration instruments and hand tools.;11;07/2014;Incumbent
19-4051.02;Nuclear Monitoring Technicians;Document results from radiation and contamination surveys.;New;;;5;07/2014;Incumbent
19-4051.02;Nuclear Monitoring Technicians;Inspect, test, and maintain respiratory protection equipment.;New;;;9;07/2014;Incumbent
19-4051.02;Nuclear Monitoring Technicians;Write radiological work permits.;New;;;7;07/2014;Incumbent
19-4061.00;Social Science Research Assistants;Write grant proposals.;New;;;5;08/2019;Incumbent
19-4092.00;Forensic Science Technicians;Analyze data from computers or other digital media sources for evidence related to criminal activity.;New;;;7;07/2013;Incumbent
19-4092.00;Forensic Science Technicians;Analyze DNA data to identify DNA donor profiles.;New;;;9;07/2013;Incumbent
19-4092.00;Forensic Science Technicians;Examine footwear, tire tracks or other types of impressions.;New;;;7;07/2013;Incumbent
19-4092.00;Forensic Science Technicians;Examine physical evidence, such as hair, biological fluids, fiber, wood, or soil residues to obtain information about its source and composition.;Revision;1585;Examine physical evidence, such as hair, fiber, wood, or soil residues to obtain information about its source and composition.;6;07/2013;Incumbent
19-4092.00;Forensic Science Technicians;Measure and sketch crime scenes to document evidence.;New;;;14;07/2013;Incumbent
19-4092.00;Forensic Science Technicians;Train others, such as new personnel, on crime scene investigation techniques, including the collection and packaging of evidence.;New;;;9;07/2013;Incumbent
19-4093.00;Forest and Conservation Technicians;Develop contracts related to operations.;New;;;5;08/2018;Incumbent
19-4093.00;Forest and Conservation Technicians;Monitor environmental conditions such as temperature or humidity.;New;;;5;08/2018;Incumbent
19-4093.00;Forest and Conservation Technicians;Write reports on forestry or conservation activities.;New;;;7;08/2018;Incumbent
21-1012.00;Educational, Guidance, School, and Vocational Counselors;Counsel individuals or groups to help them understand and overcome personal, social, or behavioral problems affecting their educational or vocational situations.;Revision;5605;Counsel individuals to help them understand and overcome personal, social, or behavioral problems affecting their educational or vocational situations.;5;08/2018;Incumbent
21-1012.00;Educational, Guidance, School, and Vocational Counselors;Refer students to outside counseling services.;New;;;5;08/2018;Incumbent
21-1013.00;Marriage and Family Therapists;Diagnose mental and emotional disorders in clients.;New;;;6;08/2020;Incumbent
21-1014.00;Mental Health Counselors;Collaborate with mental health professionals and other staff members to perform clinical assessments or develop treatment plans.;Revision;1599;Collaborate with other staff members to perform clinical assessments or develop treatment plans.;7;07/2013;Incumbent
21-1014.00;Mental Health Counselors;Perform crisis interventions to help ensure the safety of the patients and others.;New;;;8;07/2013;Incumbent
21-1022.00;Healthcare Social Workers;Educate clients about end of life symptoms and options to assist them in making informed decisions.;New;;;5;07/2014;Occupational Expert
21-1093.00;Social and Human Service Assistants;Teach parenting techniques to family members.;New;;;6;08/2020;Incumbent
23-1011.00;Lawyers;Negotiate contractual agreements.;New;;;6;07/2016;Incumbent
23-1011.00;Lawyers;Work in environmental law, representing the state, federal agencies, public interest groups, waste disposal companies, or construction firms.;Revision;3794;Work in environmental law, representing public interest groups, waste disposal companies, or construction firms in their dealings with state and federal agencies.;6;07/2016;Incumbent
23-1023.00;Judges, Magistrate Judges, and Magistrates;Issue search or arrest warrants.;Revision;21182;Issue arrest warrants.;8;08/2020;Incumbent
23-2011.00;Paralegals and Legal Assistants;Prepare, edit, or review legal documents, including legislation, briefs, pleadings, appeals, wills, contracts, and real estate closing statements.;Revision;1634;Prepare legal documents, including briefs, pleadings, appeals, wills, contracts, and real estate closing statements.;6;08/2018;Incumbent
23-2091.00;Court Reporters;File exhibits.;New;;;15;08/2020;Incumbent
23-2091.00;Court Reporters;Perform secretarial tasks for the court.;New;;;5;08/2020;Incumbent
23-2091.00;Court Reporters;Swear in witnesses.;New;;;5;08/2020;Incumbent
25-1022.00;Mathematical Science Teachers, Postsecondary;Hire adjunct faculty.;New;;;5;08/2019;Incumbent
25-1042.00;Biological Science Teachers, Postsecondary;Write letters of recommendation for students.;New;;;10;08/2019;Incumbent
25-1043.00;Forestry and Conservation Science Teachers, Postsecondary;Monitor research program budgets.;New;;;5;08/2020;Incumbent
25-1051.00;Atmospheric, Earth, Marine, and Space Sciences Teachers, Postsecondary;Prepare and deliver lectures to undergraduate or graduate students on topics such as structural geology, micrometeorology, atmospheric thermodynamics, and physics.;Revision;5849;Prepare and deliver lectures to undergraduate or graduate students on topics such as structural geology, micrometeorology, and atmospheric thermodynamics.;6;08/2019;Incumbent
25-1054.00;Physics Teachers, Postsecondary;Review articles to determine their suitability for publication.;New;;;5;08/2019;Incumbent
25-1061.00;Anthropology and Archeology Teachers, Postsecondary;Hire new faculty.;New;;;6;08/2019;Incumbent
25-1066.00;Psychology Teachers, Postsecondary;Mentor other faculty members.;New;;;5;08/2019;Incumbent
25-1067.00;Sociology Teachers, Postsecondary;Give presentations to community groups.;New;;;6;08/2019;Incumbent
25-1067.00;Sociology Teachers, Postsecondary;Review manuscripts.;New;;;5;08/2019;Incumbent
25-1067.00;Sociology Teachers, Postsecondary;Write letters of recommendation for students.;New;;;6;08/2019;Incumbent
25-1081.00;Education Teachers, Postsecondary;Deliver presentations at professional conferences.;New;;;5;08/2019;Incumbent
25-1082.00;Library Science Teachers, Postsecondary;Serve as a mentor.;New;;;6;08/2019;Incumbent
25-1113.00;Social Work Teachers, Postsecondary;Mentor new faculty members.;New;;;5;07/2014;Incumbent
25-1121.00;Art, Drama, and Music Teachers, Postsecondary;Direct theater productions.;New;;;5;08/2019;Incumbent
25-1121.00;Art, Drama, and Music Teachers, Postsecondary;Mentor students.;New;;;6;08/2019;Incumbent
25-1125.00;History Teachers, Postsecondary;Evaluate faculty members.;New;;;6;08/2019;Incumbent
25-1191.00;Graduate Teaching Assistants;Correspond with students through email to address their questions and concerns.;New;;;8;07/2016;Incumbent
25-1193.00;Recreation and Fitness Studies Teachers, Postsecondary;Monitor department budgets.;New;;;6;08/2019;Incumbent
25-2059.01;Adapted Physical Education Specialists;Discuss with education professionals the physical abilities or disabilities of students and the accommodations required to enhance their school performance.;Revision;17015;Advise education professionals of students' physical abilities or disabilities and the accommodations required to enhance their school performance.;8;08/2020;Occupational Expert
25-4031.00;Library Technicians;Open and close the library.;New;;;6;07/2017;Incumbent
25-9011.00;Audio-Visual and Multimedia Collections Specialists;Train faculty and media staff on the use of software and audio-visual equipment.;Revision;21135;Train faculty and media staff on the use of audio-visual equipment.;11;08/2019;Incumbent
25-9041.00;Teacher Assistants;Present subject matter to students under the direction and guidance of teachers, using lectures, discussions, supervised role-playing methods, or by reading aloud.;Revision;8701;Present subject matter to students under the direction and guidance of teachers, using lectures, discussions, or supervised role-playing methods.;5;08/2018;Incumbent
27-1012.00;Craft Artists;Pack products for shipping.;New;;;4;07/2016;Occupational Expert
27-1024.00;Graphic Designers;Prepare digital files for printing.;New;;;4;07/2016;Occupational Expert
27-1024.00;Graphic Designers;Research the target audience of projects.;New;;;4;07/2016;Occupational Expert
27-1024.00;Graphic Designers;Write or edit copy for clients.;New;;;5;07/2016;Occupational Expert
27-1025.00;Interior Designers;Research health and safety code requirements to inform design.;New;;;8;07/2017;Occupational Expert
27-2012.01;Producers;Monitor time during live broadcasts.;New;;;5;07/2011;Incumbent
27-2012.01;Producers;Schedule guests to appear on shows.;New;;;5;07/2011;Incumbent
27-2012.01;Producers;Select news content that is relevant and important to viewers.;New;;;10;07/2011;Incumbent
27-2023.00;Umpires, Referees, and Other Sports Officials;Inspect game sites for compliance with regulations or safety requirements.;New;;;4;07/2014;Occupational Expert
27-2041.01;Music Directors;Compose instrumental or vocal music.;New;;;6;07/2017;Incumbent
27-2041.01;Music Directors;Practice playing musical instruments.;New;;;8;07/2017;Incumbent
27-2041.04;Music Composers and Arrangers;Produce recordings of music.;New;;;8;06/2007;Incumbent
27-2041.04;Music Composers and Arrangers;Stay abreast of the latest trends in music and music technology.;New;;;9;06/2007;Incumbent
27-3031.00;Public Relations Specialists;Post and update content on the company's website and social media outlets.;Revision;20556;Update and maintain content posted on the Web.;5;07/2014;Occupational Expert
27-3041.00;Editors;Respond to questions from the public.;New;;;8;07/2017;Incumbent
27-3041.00;Editors;Write text, such as headlines, stories, articles, editorials, or newsletters.;Revision;21000;Write text, such as stories, articles, editorials, or newsletters.;31;07/2017;Incumbent
27-3043.04;Copy Writers;Work with staff to develop advertising concepts.;New;;;5;06/2009;Incumbent
27-4011.00;Audio and Video Equipment Technicians;Purchase audio or video equipment.;New;;;7;08/2018;Incumbent
27-4012.00;Broadcast Technicians;Develop budgets.;New;;;10;08/2019;Incumbent
27-4032.00;Film and Video Editors;Write scripts.;New;;;6;08/2020;Incumbent
29-1011.00;Chiropractors;Provide guidance to patients on exercises they can perform to improve mobility.;New;;;5;07/2013;Incumbent
29-1011.00;Chiropractors;Take x-rays.;New;;;6;07/2013;Incumbent
29-1022.00;Oral and Maxillofacial Surgeons;Evaluate and treat problems related to the temperomandibular joint (TMJ).;New;;;7;07/2012;Incumbent
29-1023.00;Orthodontists;Advise patients to comply with treatment plans.;New;;;13;07/2012;Incumbent
29-1024.00;Prosthodontists;Examine patients to diagnose oral health conditions and diseases.;New;;;11;07/2012;Incumbent
29-1061.00;Anesthesiologists;Place invasive intravascular monitors into patients.;New;;;5;07/2012;Incumbent
29-1061.00;Anesthesiologists;Teach anesthesiology principles to residents.;New;;;12;07/2012;Incumbent
29-1066.00;Psychiatrists;Perform mental health evaluations to provide information to courts of law on patients' mental states.;New;;;6;07/2014;Incumbent
29-1069.03;Hospitalists;Direct or support quality improvement projects or safety programs.;New;;;14;07/2014;Occupational Expert
29-1122.01;Low Vision Therapists, Orientation and Mobility Specialists, and Vision Rehabilitation Therapists;Teach self-advocacy skills to clients.;New;;;6;07/2014;Occupational Expert
29-1126.00;Respiratory Therapists;Attend high-risk and caesarian section infant deliveries to provide neonatal respiratory care as needed.;New;;;5;07/2013;Incumbent
29-1127.00;Speech-Language Pathologists;Evaluate oral motor function in infants.;New;;;13;07/2013;Incumbent
29-1127.00;Speech-Language Pathologists;Supervise students or assistants.;New;;;9;07/2013;Incumbent
29-1161.00;Nurse Midwives;Instruct student nurse-midwives, medical students, or residents on the birthing process.;New;;;14;07/2014;Occupational Expert
29-2011.03;Histotechnologists and Histologic Technicians;Archive diagnostic material, such as histologic slides and blocks.;New;;;4;07/2014;Occupational Expert
29-2012.00;Medical and Clinical Laboratory Technicians;Perform quality control analyses to ensure accuracy of test results.;New;;;8;07/2014;Incumbent
29-2021.00;Dental Hygienists;Attend continuing education courses to maintain or update skills.;New;;;7;07/2013;Incumbent
29-2031.00;Cardiovascular Technologists and Technicians;Perform general administrative tasks, such as answering telephones, scheduling appointments, or ordering supplies or equipment.;Revision;15234;Perform general administrative tasks, such as scheduling appointments or ordering supplies or equipment.;7;07/2014;Incumbent
29-2033.00;Nuclear Medicine Technologists;Schedule patients for nuclear medicine exams and procedures.;New;;;8;07/2013;Incumbent
29-2035.00;Magnetic Resonance Imaging Technologists;Comfort patients during exams or request sedatives or other medication from physicians for patients with anxiety or claustrophobia.;Revision;19234;Request sedatives or other medication from physicians for patients with anxiety or claustrophobia.;4;07/2017;Occupational Expert
29-2035.00;Magnetic Resonance Imaging Technologists;Review physicians' orders to confirm prescribed exams.;New;;;5;07/2017;Occupational Expert
29-2051.00;Dietetic Technicians;Attend interdisciplinary meetings with other health care professionals to discuss patient care.;New;;;7;07/2013;Incumbent
29-2051.00;Dietetic Technicians;Observe and monitor patient food intake and body weight, and report changes, progress, and dietary problems to dietician.;Revision;4164;Observe patient food intake and report progress and dietary problems to dietician.;7;07/2013;Incumbent
29-2052.00;Pharmacy Technicians;Enter prescription information into computer databases.;New;;;5;07/2013;Incumbent
29-2054.00;Respiratory Therapy Technicians;Assist with intubations.;New;;;6;07/2014;Incumbent
29-2055.00;Surgical Technologists;Schedule surgical procedures for patients.;New;;;5;07/2013;Incumbent
29-2055.00;Surgical Technologists;Transport patients to and from the operating room.;New;;;5;07/2013;Incumbent
29-2057.00;Ophthalmic Medical Technicians;Order supplies.;New;;;4;08/2020;Occupational Expert
29-2057.00;Ophthalmic Medical Technicians;Perform examinations using ophthalmic equipment, such as autorefractors, phoropters, tomographs, or retinoscopes.;Revision;19250;Operate ophthalmic equipment, such as autorefractors, phoropters, tomographs, or retinoscopes.;4;08/2020;Occupational Expert
29-2071.00;Medical Records and Health Information Technicians;Scan patients' health records into electronic formats.;New;;;6;07/2013;Incumbent
29-2071.00;Medical Records and Health Information Technicians;Schedule medical appointments for patients.;New;;;5;07/2013;Incumbent
29-9011.00;Occupational Health and Safety Specialists;Write reports.;New;;;4;08/2019;Occupational Expert
29-9091.00;Athletic Trainers;Clean and sanitize athletic training rooms.;New;;;5;07/2014;Incumbent
29-9099.01;Midwives;Perform annual gynecologic exams, including pap smears and breast exams.;New;;;10;07/2012;Incumbent
29-9099.01;Midwives;Provide patients with contraceptive and family planning information.;Revision;17497;Provide postpartum patients with contraceptive and family planning information.;5;07/2012;Incumbent
31-1011.00;Home Health Aides;Assist patients with toileting and incontinent care.;New;;;7;07/2014;Incumbent
31-1011.00;Home Health Aides;Feed patients.;New;;;6;07/2014;Incumbent
31-2012.00;Occupational Therapy Aides;Sanitize equipment.;New;;;5;08/2020;Incumbent
31-9011.00;Massage Therapists;Maintain massage areas by restocking supplies or sanitizing equipment.;New;;;6;07/2015;Occupational Expert
31-9093.00;Medical Equipment Preparers;Order medical supplies for healthcare facilities or laboratories.;New;;;6;07/2014;Incumbent
31-9097.00;Phlebotomists;Confirm the identities of patients by verifying their personal information.;New;;;4;08/2019;Occupational Expert
33-1021.02;Forest Fire Fighting and Prevention Supervisors;Analyze burn conditions and results, and prepare postburn reports.;Revision;7896;Direct and supervise prescribed burn projects and prepare postburn reports, analyzing burn conditions and results.;5;07/2014;Incumbent
33-1021.02;Forest Fire Fighting and Prevention Supervisors;Plan, direct, and supervise prescribed burn projects.;Revision;7896;Direct and supervise prescribed burn projects and prepare postburn reports, analyzing burn conditions and results.;5;07/2014;Incumbent
33-2011.01;Municipal Firefighters;Administer first aid and cardiopulmonary resuscitation to injured persons or provide emergency medical care such as basic or advanced life support.;Revision;2063;Administer first aid and cardiopulmonary resuscitation to injured persons.;14;07/2017;Incumbent
33-3012.00;Correctional Officers and Jailers;Take fingerprints of arrestees, prisoners, or the general public.;New;;;9;07/2016;Incumbent
33-3021.02;Police Identification and Records Officers;Take fingerprints.;New;;;5;08/2018;Incumbent
33-3021.06;Intelligence Analysts;Identify gaps in information.;New;;;4;08/2020;Occupational Expert
33-3041.00;Parking Enforcement Workers;Perform traffic control duties such as setting up barricades and temporary signs, placing bags on parking meters to limit their use, or directing traffic or pedestrians.;Revision;7949;Perform traffic control duties such as setting up barricades and temporary signs, placing bags on parking meters to limit their use, or directing traffic.;5;07/2016;Incumbent
33-3051.03;Sheriffs and Deputy Sheriffs;Conduct community programs for all ages concerning topics such as drugs and violence.;New;;;7;07/2012;Incumbent
33-9021.00;Private Detectives and Investigators;Serve documents to parties named in legal proceedings.;New;;;5;07/2015;Incumbent
35-2011.00;Cooks, Fast Food;Take out garbage.;New;;;5;08/2019;Incumbent
35-3011.00;Bartenders;Provide customers with directions or answers to questions.;New;;;18;07/2017;Incumbent
35-3021.00;Combined Food Preparation and Serving Workers, Including Fast Food;Clean and organize eating, service, and kitchen areas and sweep and mop floors.;Revision;18736;Clean and organize eating, service, and kitchen areas.;27;07/2017;Incumbent
35-9011.00;Dining Room and Cafeteria Attendants and Bartender Helpers;Greet and seat customers.;New;;;5;07/2014;Incumbent
37-3011.00;Landscaping and Groundskeeping Workers;Move furniture.;New;;;8;07/2015;Incumbent
37-3012.00;Pesticide Handlers, Sprayers, and Applicators, Vegetation;Establish driving routes for pesticide applications.;New;;;7;07/2015;Incumbent
37-3012.00;Pesticide Handlers, Sprayers, and Applicators, Vegetation;Record information about pesticide applications, such as the type used and amount applied.;New;;;9;07/2015;Incumbent
39-2011.00;Animal Trainers;Teach owners how to train their dogs.;New;;;13;07/2014;Incumbent
39-2011.00;Animal Trainers;Teach people with visual impairments to use guide dogs.;New;;;22;07/2014;Incumbent
39-2021.00;Nonfarm Animal Caretakers;Scuba dive in aquariums to perform exhibit maintenance.;New;;;6;08/2019;Incumbent
39-2021.00;Nonfarm Animal Caretakers;Train volunteers and facility staff.;New;;;9;08/2019;Incumbent
39-3012.00;Gaming and Sports Book Writers and Runners;Provide race or game information to patrons.;New;;;7;07/2014;Incumbent
39-3012.00;Gaming and Sports Book Writers and Runners;Serve drinks to patrons.;New;;;7;07/2014;Incumbent
39-3021.00;Motion Picture Projectionists;Download digital keys to unlock digital movie files.;New;;;6;08/2020;Incumbent
39-3021.00;Motion Picture Projectionists;Ingest digital content, such as films, advertisements, or trailers, into servers or projectors.;New;;;8;08/2020;Incumbent
39-3092.00;Costume Attendants;Create patterns for costumes based on designer's drawings.;New;;;12;07/2016;Incumbent
39-3092.00;Costume Attendants;Schedule costume fittings for actors.;New;;;7;07/2016;Incumbent
39-3093.00;Locker Room, Coatroom, and Dressing Room Attendants;Maintain or repair athletic equipment.;New;;;5;07/2011;Incumbent
39-4011.00;Embalmers;Clean and disinfect areas in which bodies are prepared and embalmed.;New;;;10;07/2012;Incumbent
39-5091.00;Makeup Artists, Theatrical and Performance;Clean supplies such as makeup brushes.;New;;;5;08/2018;Occupational Expert
39-5093.00;Shampooers;Assist hair stylists with chemical services, such as neutralizing perms and applying hair color.;New;;;7;06/2008;Incumbent
39-5093.00;Shampooers;Launder and fold the towels that are used for drying customers' hair.;New;;;11;06/2008;Incumbent
39-5093.00;Shampooers;Refill and stock work stations with supplies, such as shampoos and conditioners.;New;;;7;06/2008;Incumbent
39-5093.00;Shampooers;Rinse out hair color or permanent solutions from customers' hair.;New;;;10;06/2008;Incumbent
39-5093.00;Shampooers;Sweep hair from the salon floor.;New;;;7;06/2008;Incumbent
39-6012.00;Concierges;Assist guests with special needs by providing equipment such as wheelchairs.;New;;;5;08/2020;Occupational Expert
39-6012.00;Concierges;Book airline or train tickets, reserve rental cars, or arrange shuttle service for guests.;New;;;22;08/2020;Occupational Expert
39-9021.00;Personal Care Aides;Administer bedside or personal care, such as assistance with ambulation, dressing, feeding, or personal hygiene.;Revision;2370;Administer bedside or personal care, such as ambulation or personal hygiene assistance.;18;07/2014;Incumbent
39-9041.00;Residential Advisors;Advise student organizations.;New;;;5;08/2019;Incumbent
41-9012.00;Models;Pose for artists and photographers either with or without clothes.;Revision;13214;Pose for artists and photographers.;5;06/2007;Incumbent
41-9091.00;Door-To-Door Sales Workers, News and Street Vendors, and Related Workers;Contact customers to ensure their satisfaction with products or services.;New;;;5;08/2018;Occupational Expert
41-9091.00;Door-To-Door Sales Workers, News and Street Vendors, and Related Workers;Train new recruits or other employees.;New;;;7;08/2018;Occupational Expert
43-3021.01;Statement Clerks;Return checks to customers or retrieve checks returned to customers in error, adjusting accounts and answering inquiries about errors as necessary.;Revision;8141;Retrieve checks returned to customers in error, adjusting customer accounts and answering inquiries about errors as necessary.;9;07/2014;Incumbent
43-3021.02;Billing, Cost, and Rate Clerks;Perform general administrative tasks, such as answering telephones, scheduling appointments, or ordering supplies or equipment.;New;;;5;07/2014;Incumbent
43-3051.00;Payroll and Timekeeping Clerks;Prepare and file payroll tax returns.;New;;;5;07/2016;Incumbent
43-4041.01;Credit Authorizers;Call customers to collect payment on delinquent accounts.;New;;;8;12/2005;Incumbent
43-4041.02;Credit Checkers;Call customers to collect past due payments.;New;;;6;12/2005;Incumbent
43-4111.00;Interviewers, Except Eligibility and Loan;Recruit participants for focus groups.;New;;;5;07/2013;Incumbent
43-4121.00;Library Assistants, Clerical;Hire library staff such as student assistants.;New;;;26;08/2018;Incumbent
43-4171.00;Receptionists and Information Clerks;Enter and update databases of contact information, such as names, addresses, and phone numbers.;New;;;7;07/2014;Incumbent
43-5041.00;Meter Readers, Utilities;Dig dirt away from meters to take readings.;New;;;10;07/2016;Incumbent
43-5041.00;Meter Readers, Utilities;Install new or replace broken meters.;New;;;14;07/2016;Incumbent
43-5051.00;Postal Service Clerks;Stock lobby with retail merchandise.;New;;;7;07/2016;Incumbent
43-5081.01;Stock Clerks, Sales Floor;Receive, unload, open, unpack, or issue sales floor merchandise.;Revision;2741;Receive, open, unpack and issue sales floor merchandise.;7;07/2015;Incumbent
43-5081.02;Marking Clerks;Arrange merchandise on sales floor for sale.;New;;;12;06/2006;Incumbent
43-5081.03;Stock Clerks- Stockroom, Warehouse, or Storage Yard;Operate equipment such as forklifts.;New;;;6;07/2015;Incumbent
43-5081.03;Stock Clerks- Stockroom, Warehouse, or Storage Yard;Rotate stock.;New;;;5;07/2015;Incumbent
43-5081.04;Order Fillers, Wholesale and Retail Sales;Stock bins or shelves.;New;;;6;07/2015;Incumbent
43-6011.00;Executive Secretaries and Executive Administrative Assistants;Keep track of employees' time.;New;;;5;07/2017;Incumbent
43-9041.01;Insurance Claims Clerks;Enter insurance and claims related information into database systems.;Revision;20787;Enter claims information into database systems.;9;07/2015;Incumbent
43-9081.00;Proofreaders and Copy Markers;Check the facts of stories using the internet.;New;;;8;07/2016;Incumbent
43-9081.00;Proofreaders and Copy Markers;Design page layouts using text, photographs, graphics, and other elements.;New;;;11;07/2016;Incumbent
43-9111.00;Statistical Assistants;Present results of statistical analyses to stakeholders.;New;;;10;07/2015;Incumbent
43-9111.00;Statistical Assistants;Write code for statistical applications.;New;;;7;07/2015;Incumbent
45-1011.06;First-Line Supervisors of Aquacultural Workers;Arrange for the distribution of fish to customers.;New;;;5;08/2019;Incumbent
45-1011.06;First-Line Supervisors of Aquacultural Workers;Develop budgets.;New;;;7;08/2019;Incumbent
45-1011.06;First-Line Supervisors of Aquacultural Workers;Monitor water quality.;New;;;5;08/2019;Incumbent
45-2092.01;Nursery Workers;Plant, spray, weed, fertilize, water, and prune plants, shrubs, and trees, using gardening tools.;Revision;13372;Plant, spray, weed, fertilize, and water plants, shrubs, and trees, using hand tools and gardening tools.;7;07/2016;Incumbent
45-4011.00;Forest and Conservation Workers;Create field maps using geographic information systems technology.;New;;;10;07/2014;Incumbent
45-4023.00;Log Graders and Scalers;Move logs using heavy equipment such as log loaders.;New;;;7;07/2017;Incumbent
47-2011.00;Boilermakers;Conduct pressure tests on vessels, such as boilers.;New;;;7;07/2015;Incumbent
47-2041.00;Carpet Installers;Cut and install vinyl composition tile or vinyl base.;New;;;13;07/2011;Incumbent
47-2043.00;Floor Sanders and Finishers;Buff and vacuum floors to ensure their cleanliness prior to the application of finish.;New;;;7;06/2008;Incumbent
47-2141.00;Painters, Construction and Maintenance;Clean tools and equipment, such as brushes and rollers.;New;;;7;07/2014;Incumbent
47-2141.00;Painters, Construction and Maintenance;Hang wallpaper.;New;;;7;07/2014;Incumbent
47-2152.01;Pipe Fitters and Steamfitters;Repair hydraulic or air pumps.;New;;;5;07/2014;Incumbent
47-2152.01;Pipe Fitters and Steamfitters;Repair or remove and replace system components.;Revision;4827;Remove and replace worn components.;8;07/2014;Incumbent
47-2171.00;Reinforcing Iron and Rebar Workers;Unload rebar from trucks.;New;;;5;07/2015;Incumbent
47-2171.00;Reinforcing Iron and Rebar Workers;Use forklifts or cranes to move construction material, such as rebar.;New;;;20;07/2015;Incumbent
47-2221.00;Structural Iron and Steel Workers;Assemble or inspect hoisting equipment or rigging, such as cables, pulleys, or hooks, to move heavy equipment or materials.;Revision;11554;Assemble hoisting equipment or rigging, such as cables, pulleys, or hooks, to move heavy equipment or materials.;5;07/2015;Incumbent
47-2221.00;Structural Iron and Steel Workers;Lift steel beams, girders, or columns using cranes or forklifts, or by signaling hoisting equipment operators to lift or position structural steel members.;Revision;20795;Hoist steel beams, girders, or columns into place, using cranes or signaling hoisting equipment operators to lift and position structural steel members.;10;07/2015;Incumbent
47-3012.00;Helpers--Carpenters;Cut or weld metal.;New;;;5;07/2013;Incumbent
47-3013.00;Helpers--Electricians;Operate heavy equipment, such as backhoes.;New;;;7;07/2011;Incumbent
47-4071.00;Septic Tank Servicers and Sewer Pipe Cleaners;Pump, clean, and repair septic tanks, sewer lines, or related structures such as manholes, culverts, and catch basins.;Revision;11610;Clean and repair septic tanks, sewer lines, or related structures such as manholes, culverts, and catch basins.;5;07/2017;Incumbent
47-5013.00;Service Unit Operators, Oil, Gas, and Mining;Maintain and perform safety inspections on rigs, equipment, and other tools.;Revision;20451;Maintain and perform safety inspections on equipment and tools.;7;07/2013;Incumbent
47-5042.00;Mine Cutting and Channeling Machine Operators;Monitor methane gas levels in mines to avoid carbon monoxide poisoning.;New;;;12;07/2005;Incumbent
47-5061.00;Roof Bolters, Mining;Check roof or ribs for hazardous conditions.;New;;;10;07/2017;Incumbent
47-5061.00;Roof Bolters, Mining;Clean equipment, such as dust collectors.;New;;;7;07/2017;Incumbent
47-5071.00;Roustabouts, Oil and Gas;Clean trucks used in the fields.;New;;;5;07/2011;Incumbent
47-5071.00;Roustabouts, Oil and Gas;Lay gas and oil pipelines.;New;;;5;07/2011;Incumbent
49-2095.00;Electrical and Electronics Repairers, Powerhouse, Substation, and Relay;Calibrate instruments, such as transmitters.;New;;;6;07/2017;Incumbent
49-3023.02;Automotive Specialty Technicians;Perform motor oil changes.;New;;;8;07/2014;Incumbent
49-3023.02;Automotive Specialty Technicians;Repair or rebuild transmissions.;New;;;10;07/2014;Incumbent
49-3031.00;Bus and Truck Mechanics and Diesel Engine Specialists;Dismount, mount, and repair or replace tires.;New;;;6;07/2013;Incumbent
49-3051.00;Motorboat Mechanics and Service Technicians;Explain repair procedures to customers.;New;;;6;07/2015;Incumbent
49-3051.00;Motorboat Mechanics and Service Technicians;Repair or replace engine mechanical equipment, such as power tilts, water pumps, bilge pumps, or power take-offs.;Revision;13770;Repair engine mechanical equipment, such as power tilts, bilge pumps, or power take-offs.;5;07/2015;Incumbent
49-3052.00;Motorcycle Mechanics;Install motorcycle accessories.;New;;;6;07/2014;Incumbent
49-3091.00;Bicycle Repairers;Estimate costs of repairing bicycles and write service tickets.;New;;;6;07/2016;Incumbent
49-3091.00;Bicycle Repairers;Make adjustments to bicycles to improve customer fit and riding position.;New;;;7;07/2016;Incumbent
49-9041.00;Industrial Machinery Mechanics;Assign work schedules to work crews.;New;;;8;07/2013;Incumbent
49-9045.00;Refractory Materials Repairers, Except Brickmasons;Reline furnaces using ramming material.;New;;;8;06/2007;Incumbent
49-9052.00;Telecommunications Line Installers and Repairers;Set up service for customers, installing, connecting, testing, or adjusting equipment, such as digital subscriber line modems.;Revision;11850;Set up service for customers, installing, connecting, testing, or adjusting equipment.;8;07/2015;Incumbent
49-9061.00;Camera and Photographic Equipment Repairers;Adjust or repair cameras, photographic mechanisms, or equipment such as range and view finders, shutters, light meters, or lens systems, using hand tools.;Revision;8437;Adjust cameras, photographic mechanisms, or equipment such as range and view finders, shutters, light meters, or lens systems, using hand tools.;15;07/2015;Incumbent
49-9062.00;Medical Equipment Repairers;Inspect, test, or troubleshoot malfunctioning medical or related equipment, following manufacturers' specifications and using test and analysis instruments.;Revision;3061;Inspect and test malfunctioning medical or related equipment, following manufacturers' specifications and using test and analysis instruments.;9;07/2013;Incumbent
49-9062.00;Medical Equipment Repairers;Install medical equipment.;New;;;6;07/2013;Incumbent
49-9097.00;Signal and Track Switch Repairers;Test and repair track circuits.;New;;;5;06/2007;Incumbent
51-3021.00;Butchers and Meat Cutters;Clean and sanitize meat cases and cutting equipment.;New;;;15;07/2016;Incumbent
51-3022.00;Meat, Poultry, and Fish Cutters and Trimmers;Clean meat cutting equipment.;New;;;11;07/2017;Incumbent
51-4012.00;Computer Numerically Controlled Machine Tool Programmers, Metal and Plastic;Order tooling for jobs.;New;;;8;07/2016;Incumbent
51-4031.00;Cutting, Punching, and Press Machine Setters, Operators, and Tenders, Metal and Plastic;Use equipment designed to join sheet metal, such as spot welders.;New;;;6;07/2015;Incumbent
51-4034.00;Lathe and Turning Machine Tool Setters, Operators, and Tenders, Metal and Plastic;Clean work area.;New;;;14;07/2016;Incumbent
51-4034.00;Lathe and Turning Machine Tool Setters, Operators, and Tenders, Metal and Plastic;Program computer numerical control machines.;New;;;5;07/2016;Incumbent
51-4081.00;Multiple Machine Tool Setters, Operators, and Tenders, Metal and Plastic;Write programs for computer numerical control (CNC) machines to cut metal and plastic materials.;New;;;7;07/2013;Incumbent
51-4111.00;Tool and Die Makers;Fit and assemble parts to make, repair, or modify dies, jigs, gauges, and tools, using machine tools, hand tools, or welders.;Revision;8494;Fit and assemble parts to make, repair, or modify dies, jigs, gauges, and tools, using machine tools and hand tools.;7;07/2012;Incumbent
51-5111.00;Prepress Technicians and Workers;Correct color in photographs or digital images.;New;;;7;07/2016;Incumbent
51-6042.00;Shoe Machine Operators and Tenders;Inspect finished products to ensure that shoes have been completed according to specifications.;New;;;6;06/2007;Incumbent
51-6051.00;Sewers, Hand;Fit garments on clients, altering as needed.;New;;;8;06/2007;Occupational Expert
51-6061.00;Textile Bleaching and Dyeing Machine Operators and Tenders;Weigh ingredients, such as dye, to be mixed together for use in textile processing.;Revision;14135;Weigh ingredients to be mixed together for use in textile processing.;5;06/2007;Incumbent
51-9011.00;Chemical Equipment Operators and Tenders;Load products into tanks for shipment.;New;;;5;07/2015;Incumbent
51-9023.00;Mixing and Blending Machine Setters, Operators, and Tenders;Clean work areas.;New;;;9;07/2014;Incumbent
51-9082.00;Medical Appliance Technicians;Order parts or supplies for orthotic or prosthetic devices.;New;;;8;07/2015;Incumbent
51-9083.00;Ophthalmic Laboratory Technicians;Tint lenses according to customer specifications.;New;;;6;07/2015;Incumbent
51-9151.00;Photographic Process Workers and Processing Machine Operators;Adjust digital images using software.;New;;;10;07/2017;Incumbent
51-9195.05;Potters, Manufacturing;Apply glazes to pottery pieces, using tools such as spray guns.;Revision;21211;Mix and apply glazes to pottery pieces, using tools, such as spray guns.;6;08/2020;Incumbent
51-9195.05;Potters, Manufacturing;Decorate pottery using tools such as brushes.;New;;;8;08/2020;Incumbent
51-9195.05;Potters, Manufacturing;Load and unload pottery from kilns.;New;;;10;08/2020;Incumbent
51-9195.05;Potters, Manufacturing;Mix chemicals according to recipes to create glazes.;Revision;21211;Mix and apply glazes to pottery pieces, using tools, such as spray guns.;6;08/2020;Incumbent
53-2021.00;Air Traffic Controllers;Monitor, direct, or sequence the movement of aircraft within an assigned air space or on the ground at airports to minimize delays and maximize safety.;Revision;12729;Monitor or direct the movement of aircraft within an assigned air space or on the ground at airports to minimize delays and maximize safety.;5;07/2014;Incumbent
53-2022.00;Airfield Operations Specialists;Conduct inspections of the airport property and perimeter to maintain controlled access to airfields.;New;;;7;07/2013;Incumbent
53-2022.00;Airfield Operations Specialists;Initiate or conduct airport-wide coordination of snow removal on runways and taxiways.;New;;;6;07/2013;Incumbent
53-2022.00;Airfield Operations Specialists;Inspect airfield conditions to ensure compliance with federal regulatory requirements.;New;;;21;07/2013;Incumbent
53-2031.00;Flight Attendants;Monitor passenger behavior to identify threats to the safety of the crew and other passengers.;New;;;13;07/2012;Incumbent
53-3032.00;Heavy and Tractor-Trailer Truck Drivers;Perform basic vehicle maintenance tasks, such as adding oil, fuel, or radiator fluid, performing minor repairs, or washing trucks.;Revision;10653;Perform basic vehicle maintenance tasks, such as adding oil, fuel, or radiator fluid or performing minor repairs.;5;07/2014;Incumbent
53-4012.00;Locomotive Firers;Operate locomotives under the instruction of engineers.;New;;;5;06/2009;Occupational Expert
53-4021.00;Railroad Brake, Signal, and Switch Operators;Conduct brake tests to determine the condition of brakes on trains.;New;;;6;06/2007;Incumbent
53-5021.02;Mates- Ship, Boat, and Barge;Conduct safety drills such as man overboard or fire drills.;New;;;6;07/2015;Incumbent
53-6051.08;Freight and Cargo Inspectors;Visually inspect cargo for damage upon arrival or discharge.;New;;;6;06/2008;Incumbent
53-7021.00;Crane and Tower Operators;Inspect crane site conditions to determine ground stability.;New;;;6;07/2015;Incumbent
53-7031.00;Dredge Operators;Perform maintenance on dredge equipment, such as changing engine oil.;New;;;6;06/2008;Incumbent
53-7062.00;Laborers and Freight, Stock, and Material Movers, Hand;Check freight, stock, or other materials for damage.;New;;;6;07/2013;Incumbent
53-7062.00;Laborers and Freight, Stock, and Material Movers, Hand;Take inventory of freight, stock, or other materials used on site.;New;;;5;07/2013;Incumbent
53-7111.00;Mine Shuttle Car Operators;Clean, fuel, service, and perform safety checks on all equipment, and repair and replace parts as necessary.;Revision;5028;Clean, fuel, and service equipment, and repair and replace parts as necessary.;16;12/2004;Incumbent
53-7111.00;Mine Shuttle Car Operators;Examine roadway and clear obstructions from the path of travel.;New;;;8;12/2004;Incumbent
53-7111.00;Mine Shuttle Car Operators;Handle high voltage sources and hang electrical cables.;New;;;8;12/2004;Incumbent